instance,cost,time,iterations
ESC07.sop,2475,0.22202301025390625,100
ESC11.sop,2453,0.4507308006286621,100
ESC12.sop,1685,0.4998645782470703,100
ESC25.sop,2298,1.7449159622192383,100
ESC47.sop,2696,5.811176538467407,100
ESC63.sop,63,12.38990831375122,100
ESC78.sop,19835,17.16173267364502,100
