instance,cost,time,iterations
ESC07.sop,2475,0.22633576393127441,100
ESC11.sop,2453,0.4347660541534424,100
ESC12.sop,1685,0.49701356887817383,100
ESC25.sop,2090,1.7884089946746826,100
ESC47.sop,2743,5.692803144454956,100
ESC63.sop,65,11.106478452682495,100
ESC78.sop,19865,16.039110898971558,100
