instance,cost,time,iterations
ESC07.sop,2125,0.32801389694213867,52
ESC11.sop,2075,1.13376784324646,82
ESC12.sop,1675,1.4497432708740234,62
ESC25.sop,2085,4.715626955032349,100
ESC47.sop,2517,22.368587493896484,100
ESC63.sop,63,39.677014112472534,100
ESC78.sop,20260,28.458431243896484,55
