instance,cost,time,generations
ESC07.sop,2125,0.9461054801940918,100
ESC11.sop,2715,1.15952730178833,100
ESC12.sop,1759,1.1978280544281006,100
ESC25.sop,3332,2.2457451820373535,100
ESC47.sop,5579,4.126914739608765,100
ESC63.sop,91,5.565834999084473,100
ESC78.sop,20905,7.159586429595947,100
